{
  "_comment": "==================== Psych-Pedia 药物数据库 ====================",
  "_instructions": "如何添加新的药物条目：1. 复制下方 '示例模板' 中的整个 {} 对象，2. 修改各字段的值，3. 将新对象添加到 'drugs' 数组末尾，4. 保存文件即可。所有字段为必填。radar 数据中的 link_ids 必须与 PRINCIPLES 中的 id 相对应。Category 字段已标准化，请勿随意更改，否则会影响侧边栏分组。特性请写在 tags 中。",
  "_template": {
    "id": "示例药名英文小写（如：fluoxetine）- 用作唯一标识符，不能重复",
    "name_cn": "示例药名（中文）",
    "name_en": "示例药名（英文）",
 "category": "SGA / FGA / SSRI / SNRI / NaSSA / Mood Stabilizer",
    "tags": ["标签1", "标签2", "标签3"],
    "stahl_radar": {
      "labels": ["D2", "5HT1A", "5HT2A", "H1", "M1"],
      "values": [9.5, 8.0, 8.5, 2.0, 0.5],
      "link_ids": ["d2", "5ht1a", "5ht2a", "h1", "m1"]
    },
    "pearls": [
      {
        "title": "临床实战笔记的标题",
        "type": "danger",
        "content": "注意内容（danger=危险/红色, warning=黄色, success=绿色, info=蓝色）"
      }
    ],
    "pk_data": {
      "half_life": "半衰期（如：75h）",
      "protein_binding": "蛋白结合率（如：>99%）",
      "metabolism": "主要代谢途径（如：CYP2D6, CYP3A4）",
      "peak_time": "达峰时间（可选，如：3-5h）"
    },
    "market_info": {
      "price": "价格等级（$ / $$ / $$$）",
      "insurance": "医保状态（如：甲类医保）",
      "pregnancy": "妊娠分级（如：C类）"
    }
  },
   "drugs": [
    {
      "id": "aripiprazole",
      "name_cn": "阿立哌唑",
      "name_en": "Aripiprazole",
      "category": "SGA",
      "tags": ["D2部分激动剂", "不镇静", "代谢友好"],
      "stahl_radar": {
        "labels": ["D2", "5HT1A", "5HT2A", "H1", "M1"],
        "values": [9.5, 8.5, 8.0, 2.0, 0.5],
        "link_ids": ["d2", "5ht1a", "5ht2a", "h1", "m1"]
      },
      "pearls": [
        {
          "title": "激越风险 (Akathisia)",
          "type": "danger",
          "content": "启动初期或加量过快时，约10-15%患者出现静坐不能。常被误诊为病情恶化或激越。建议小剂量起始，必要时联用普萘洛尔。"
        },
        {
          "title": "激活效应",
          "type": "info",
          "content": "由于5HT1A和D2部分激动作用，具有振奋效果，建议早晨服用。特别适合伴有嗜睡、精神运动性迟滞的阴性症状患者。"
        },
        {
          "title": "高泌乳素解药",
          "type": "success",
          "content": "由于其D2部分激动特性（内在活性约25%），可用于逆转利培酮或氨磺必利引起的高泌乳素血症。"
        }
      ],
      "pk_data": {
        "half_life": "75h (脱氢活性代谢物94h)",
        "protein_binding": ">99%",
        "metabolism": "CYP2D6, CYP3A4",
        "peak_time": "3-5h"
      },
      "market_info": {
        "price": "$$ (国产/进口)",
        "insurance": "甲类医保",
        "pregnancy": "C类"
      }
    },
    {
      "id": "olanzapine",
      "name_cn": "奥氮平",
      "name_en": "Olanzapine",
      "category": "SGA",
      "tags": ["强效", "镇静", "代谢高危"],
      "stahl_radar": {
        "labels": ["D2", "5HT2A", "H1", "M1", "5HT2C"],
        "values": [8.0, 9.8, 9.5, 8.5, 9.0],
        "link_ids": ["d2", "5ht2a", "h1", "m1", "5ht2c"]
      },
      "pearls": [
        {
          "title": "代谢综合征红灯",
          "type": "danger",
          "content": "SGA中致肥胖、糖尿病风险最高（仅次于氯氮平）。阻断H1和5HT2C导致食欲大增。必须监测腰围、血糖、血脂。"
        },
        {
          "title": "急性期金标准",
          "type": "success",
          "content": "起效快，镇静作用强，控制急性躁狂和严重精神病性症状效果显著。喻东山老师指出其抗躁狂疗效与氟哌啶醇相当，但EPS更少。"
        },
        {
          "title": "吸烟相互作用",
          "type": "warning",
          "content": "主要经CYP1A2代谢。吸烟诱导该酶，可使血药浓度降低约50%。住院患者(强制戒烟)出院后(复吸)需大幅调整剂量。"
        }
      ],
      "pk_data": {
        "half_life": "30-33h",
        "protein_binding": "93%",
        "metabolism": "CYP1A2 (主), CYP2D6",
        "peak_time": "6h"
      },
      "market_info": {
        "price": "$ (集采)",
        "insurance": "甲类医保",
        "pregnancy": "C类 (慎用)"
      }
    },
    {
      "id": "risperidone",
      "name_cn": "利培酮",
      "name_en": "Risperidone",
      "category": "SGA",
      "tags": ["经典SGA", "高泌乳素", "剂量依赖EPS"],
      "stahl_radar": {
        "labels": ["D2", "5HT2A", "Alpha1", "H1", "M1"],
        "values": [9.0, 9.8, 8.5, 6.0, 0.5],
        "link_ids": ["d2", "5ht2a", "alpha1", "h1", "m1"]
      },
      "pearls": [
        {
          "title": "剂量依赖性EPS",
          "type": "warning",
          "content": "是SGA中最接近FGA的药物。当剂量 >6mg/d 时，其D2受体阻断率超过80%，极易出现锥体外系反应。"
        },
        {
          "title": "泌乳素升高之王",
          "type": "danger",
          "content": "在SGA中引起高泌乳素血症的风险最高。女性患者易出现月经紊乱、闭经；男性可能出现乳房发育。需定期监测PRL水平。"
        },
        {
          "title": "体位性低血压",
          "type": "info",
          "content": "由于较强的Alpha1受体阻断作用，在起始滴定阶段需防跌倒，尤其是老年患者。"
        }
      ],
      "pk_data": {
        "half_life": "20h (活性部分)",
        "protein_binding": "90%",
        "metabolism": "CYP2D6 (代谢为帕利哌酮)",
        "peak_time": "1h"
      },
      "market_info": {
        "price": "$",
        "insurance": "甲类医保",
        "pregnancy": "C类"
      }
    },
    {
      "id": "paliperidone",
      "name_cn": "帕利哌酮",
      "name_en": "Paliperidone",
      "category": "SGA",
      "tags": ["肝脏安全", "OROS技术", "高泌乳素"],
      "stahl_radar": {
        "labels": ["D2", "5HT2A", "Alpha1", "H1", "M1"],
        "values": [9.0, 9.8, 8.5, 5.0, 0.5],
        "link_ids": ["d2", "5ht2a", "alpha1", "h1", "m1"]
      },
      "pearls": [
        {
          "title": "利培酮的活性代谢物",
          "type": "info",
          "content": "即9-羟基利培酮。如果不耐受利培酮（如CYP2D6慢代谢者），直接使用帕利哌酮可能血药浓度更稳。"
        },
        {
          "title": "幽灵片",
          "type": "warning",
          "content": "采用OROS渗透泵控释技术，药物释放后空壳会随粪便排出。需提前告知患者，以免误以为药物未吸收。"
        },
        {
          "title": "肝病首选",
          "type": "success",
          "content": "主要经肾脏排泄（59%原形），几乎不经过肝脏CYP450酶代谢。肝功能受损患者无需调整剂量，但肾功能不全者需减量。"
        }
      ],
      "pk_data": {
        "half_life": "23h",
        "protein_binding": "74%",
        "metabolism": "肾脏排泄为主",
        "peak_time": "24h (缓释)"
      },
      "market_info": {
        "price": "$$",
        "insurance": "乙类医保",
        "pregnancy": "C类"
      }
    },
    {
      "id": "lurasidone",
      "name_cn": "鲁拉西酮",
      "name_en": "Lurasidone",
      "category": "SGA",
      "tags": ["必须餐后", "双相抑郁", "代谢友好"],
      "stahl_radar": {
        "labels": ["D2", "5HT2A", "5HT7", "5HT1A", "H1"],
        "values": [9.0, 9.5, 9.5, 7.0, 0.5],
        "link_ids": ["d2", "5ht2a", "5ht7", "5ht1a", "h1"]
      },
      "pearls": [
        {
          "title": "350卡路里铁律",
          "type": "danger",
          "content": "必须与食物（至少350千卡热量）同服。空腹服用会使生物利用度降低约50%，导致疗效不佳。"
        },
        {
          "title": "双相抑郁FDA获批",
          "type": "success",
          "content": "少数几个获批用于双相抑郁治疗的SGA之一。具有较强的5-HT7受体拮抗作用，可能与其改善认知和抗抑郁效应有关。"
        },
        {
          "title": "代谢优势",
          "type": "success",
          "content": "几乎不结合H1和M1受体，体重增加和血脂异常风险极低，被称为“体重中性”的抗精神病药。"
        }
      ],
      "pk_data": {
        "half_life": "18h",
        "protein_binding": "99%",
        "metabolism": "CYP3A4",
        "peak_time": "1-3h"
      },
      "market_info": {
        "price": "$$$",
        "insurance": "乙类医保",
        "pregnancy": "B类 (相对安全)"
      }
    },
    {
      "id": "ziprasidone",
      "name_cn": "齐拉西酮",
      "name_en": "Ziprasidone",
      "category": "SGA",
      "tags": ["餐后服用", "QTc延长", "不增重"],
      "stahl_radar": {
        "labels": ["D2", "5HT2A", "SERT", "NET", "5HT1A"],
        "values": [8.5, 9.5, 7.0, 6.0, 8.0],
        "link_ids": ["d2", "5ht2a", "sert", "net", "5ht1a"]
      },
      "pearls": [
        {
          "title": "500卡路里原则",
          "type": "danger",
          "content": "必须与正餐（建议500千卡以上）同服，否则吸收率降低一半。许多“疗效不佳”的案例实际上是因为患者空腹服药。"
        },
        {
          "title": "心脏QTc警示",
          "type": "warning",
          "content": "在SGA中延长QTc间期的风险相对较高。有心脏病史、低钾血症或合用其他延长QTc药物时需慎用。"
        },
        {
          "title": "SNRI样作用",
          "type": "info",
          "content": "具有独特的SERT和NET阻断作用（类似SNRI），理论上对伴有抑郁或焦虑的精神分裂症患者有效。"
        }
      ],
      "pk_data": {
        "half_life": "7h",
        "protein_binding": "99%",
        "metabolism": "CYP3A4, 醛氧化酶",
        "peak_time": "6-8h"
      },
      "market_info": {
        "price": "$$",
        "insurance": "甲类医保",
        "pregnancy": "C类"
      }
    },
    {
      "id": "amisulpride",
      "name_cn": "氨磺必利",
      "name_en": "Amisulpride",
      "category": "SGA",
      "tags": ["D2/D3阻断", "不经肝脏代谢", "改善阴性症状"],
      "stahl_radar": {
        "labels": ["D2", "D3", "5HT2A", "H1", "M1"],
        "values": [9.0, 9.5, 0.0, 0.0, 0.0],
        "link_ids": ["d2", "d3", "5ht2a", "h1", "m1"]
      },
      "pearls": [
        {
          "title": "最“干净”的受体谱",
          "type": "success",
          "content": "几乎只结合D2/D3受体，不结合M1、H1、Alpha1。因此无抗胆碱能副作用，不镇静，极少引起体重增加。"
        },
        {
          "title": "低剂量效应",
          "type": "info",
          "content": "小剂量（50-300mg）主要阻断突触前膜D2/D3受体，促进多巴胺释放，显著改善精神分裂症阴性症状（情感淡漠、退缩）。"
        },
        {
          "title": "肾脏排泄",
          "type": "warning",
          "content": "极少经过肝脏代谢，主要以原形经肾排泄。肝病患者首选，但肾功能不全者必须减量。"
        }
      ],
      "pk_data": {
        "half_life": "12h",
        "protein_binding": "16% (极低)",
        "metabolism": "不经肝脏代谢",
        "peak_time": "3-4h"
      },
      "market_info": {
        "price": "$$",
        "insurance": "甲类医保",
        "pregnancy": "C类"
      }
    },
    {
      "id": "quetiapine",
      "name_cn": "喹硫平",
      "name_en": "Quetiapine",
      "category": "SGA",
      "tags": ["镇静", "低EPS", "双相抑郁"],
      "stahl_radar": {
        "labels": ["D2", "5HT2A", "H1", "Alpha1", "NET"],
        "values": [3.0, 6.0, 9.0, 7.5, 4.0],
        "link_ids": ["d2", "5ht2a", "h1", "alpha1", "net"]
      },
      "pearls": [
        {
          "title": "剂量决定用途",
          "type": "info",
          "content": "小剂量(<100mg)阻断H1，仅助眠；中剂量(300mg+)其代谢产物去甲喹硫平阻断NET，发挥抗抑郁作用；大剂量(600mg+)才具有抗精神病D2阻断作用。"
        },
        {
          "title": "帕金森友好",
          "type": "success",
          "content": "与D2受体结合疏松（“打了就跑”机制），几乎不引起EPS。是帕金森病精神病症状(PDP)的首选药物。"
        },
        {
          "title": "停药反应",
          "type": "danger",
          "content": "长期使用后突然停药可引起严重的撤药反应（恶心、呕吐、失眠），尤其是H1受体反跳。必须缓慢减量。"
        }
      ],
      "pk_data": {
        "half_life": "6-7h (需缓释剂型)",
        "protein_binding": "83%",
        "metabolism": "CYP3A4",
        "peak_time": "1.5h (IR)"
      },
      "market_info": {
        "price": "$",
        "insurance": "甲类医保",
        "pregnancy": "C类"
      }
    },
    {
      "id": "clozapine",
      "name_cn": "氯氮平",
      "name_en": "Clozapine",
      "category": "SGA",
      "tags": ["难治性金标准", "自杀干预", "血液监测"],
      "stahl_radar": {
        "labels": ["D2", "5HT2A", "M1", "H1", "Alpha1"],
        "values": [4.0, 9.5, 9.0, 9.5, 9.0],
        "link_ids": ["d2", "5ht2a", "m1", "h1", "alpha1"]
      },
      "pearls": [
        {
          "title": "最后一道防线",
          "type": "success",
          "content": "当两种以上抗精神病药足量足疗程无效时，应尽早换用氯氮平。它是唯一获批用于降低精神分裂症自杀风险的药物。"
        },
        {
          "title": "致命风险",
          "type": "danger",
          "content": "具有约1%的致死性粒细胞缺乏风险，以及心肌炎风险。前6个月必须每周监测血常规，之后每两周一次。"
        },
        {
          "title": "湿枕头症",
          "type": "warning",
          "content": "虽然是强效抗胆碱能药，但通过激动M4受体导致唾液分泌过多，夜间尤甚。可使用阿托品滴眼液舌下含服缓解。"
        }
      ],
      "pk_data": {
        "half_life": "12h",
        "protein_binding": "95%",
        "metabolism": "CYP1A2 (吸烟影响极大)",
        "peak_time": "2.5h"
      },
      "market_info": {
        "price": "$ (低廉)",
        "insurance": "甲类医保",
        "pregnancy": "B类 (相对安全)"
      }
    },
    {
      "id": "flupentixol",
      "name_cn": "氟哌噻吨",
      "name_en": "Flupentixol",
      "category": "FGA",
      "tags": ["强效D2阻断", "激活", "EPS"],
      "stahl_radar": {
        "labels": ["D2", "5HT2A", "H1", "M1", "5HT2C"],
        "values": [8.5, 2.0, 2.0, 1.0, 0],
        "link_ids": ["d2", "5ht2a", "h1", "m1", "5ht2c"]
      },
      "pearls": [
        {
          "title": "低剂量抗抑郁",
          "type": "info",
          "content": "小剂量（如黛力新中的含量）具有多巴胺自身受体阻断作用，表现出轻微的激活和抗焦虑抑郁作用。"
        },
        {
          "title": "锥体外系反应",
          "type": "danger",
          "content": "作为典型的FGA，高剂量抗精神病时EPS发生率高。长期使用需警惕迟发性运动障碍(TD)。"
        },
        {
          "title": "焦虑禁忌",
          "type": "warning",
          "content": "单方制剂在高剂量下可能加重激越和焦虑，不建议用于伴有严重激越的精神分裂症患者。"
        }
      ],
      "pk_data": {
        "half_life": "35h",
        "protein_binding": "99%",
        "metabolism": "CYP2D6",
        "peak_time": "4h"
      },
      "market_info": {
        "price": "$",
        "insurance": "甲类医保",
        "pregnancy": "C类"
      }
    },
    {
      "id": "escitalopram",
      "name_cn": "艾司西酞普兰",
      "name_en": "Escitalopram",
      "category": "SSRI",
      "tags": ["高选择性", "起效快", "相互作用少"],
      "stahl_radar": {
        "labels": ["SERT", "NET", "DAT", "M1", "H1"],
        "values": [9.8, 0.2, 0.1, 0.5, 0.5],
        "link_ids": ["sert", "net", "dat", "m1", "h1"]
      },
      "pearls": [
        {
          "title": "最“纯”的SSRI",
          "type": "success",
          "content": "对SERT的选择性最高，几乎不结合其他受体。副作用少，耐受性佳，是针对躯体共病患者（如老年人）的首选。"
        },
        {
          "title": "变构调节",
          "type": "info",
          "content": "能结合SERT的变构位点，稳定结合状态，产生比西酞普兰更强、更迅速的疗效。"
        },
        {
          "title": "QT间期",
          "type": "warning",
          "content": "虽然风险低于西酞普兰，但在高剂量或合并心脏病患者中仍需关注QT间期。"
        }
      ],
      "pk_data": {
        "half_life": "30h",
        "protein_binding": "56%",
        "metabolism": "CYP2C19, CYP3A4",
        "peak_time": "5h"
      },
      "market_info": {
        "price": "$ (集采)",
        "insurance": "甲类医保",
        "pregnancy": "C类"
      }
    },
    {
      "id": "sertraline",
      "name_cn": "舍曲林",
      "name_en": "Sertraline",
      "category": "SSRI",
      "tags": ["DAT抑制", "心脏安全", "胃肠道反应"],
      "stahl_radar": {
        "labels": ["SERT", "DAT", "Sigma1", "M1", "H1"],
        "values": [9.5, 3.0, 6.0, 1.0, 1.0],
        "link_ids": ["sert", "dat", "sigma1", "m1", "h1"]
      },
      "pearls": [
        {
          "title": "多巴胺再摄取",
          "type": "success",
          "content": "唯一具有轻度DAT抑制作用的SSRI，对伴有动力不足、嗜睡、注意力缺陷的抑郁患者有益。"
        },
        {
          "title": "心脏安全性最佳",
          "type": "success",
          "content": "心肌梗死后抑郁治疗的首选药物（SADHART研究），对心血管系统影响最小。"
        },
        {
          "title": "“Squires”综合征",
          "type": "warning",
          "content": "胃肠道副作用（腹泻、恶心）在SSRI中最为明显。建议餐后服用以减轻症状。"
        }
      ],
      "pk_data": {
        "half_life": "26h",
        "protein_binding": "98%",
        "metabolism": "CYP2B6, CYP2C19",
        "peak_time": "6h"
      },
      "market_info": {
        "price": "$",
        "insurance": "甲类医保",
        "pregnancy": "C类 (相对安全)"
      }
    },
    {
      "id": "paroxetine",
      "name_cn": "帕罗西汀",
      "name_en": "Paroxetine",
      "category": "SSRI",
      "tags": ["强效抗焦虑", "抗胆碱能", "撤药反应"],
      "stahl_radar": {
        "labels": ["SERT", "NET", "M1", "NOS", "H1"],
        "values": [9.9, 2.5, 6.0, 4.0, 1.0],
        "link_ids": ["sert", "net", "m1", "nos", "h1"]
      },
      "pearls": [
        {
          "title": "最强抗焦虑",
          "type": "success",
          "content": "SSRI中镇静和抗焦虑作用最强，常用于伴有严重焦虑、惊恐障碍或PTSD的患者。"
        },
        {
          "title": "抗胆碱能副作用",
          "type": "warning",
          "content": "具有明显的M1受体阻断作用，易导致口干、便秘，且可能引起老年人认知功能下降。青光眼、前列腺肥大患者慎用。"
        },
        {
          "title": "撤药综合征",
          "type": "danger",
          "content": "半衰期短且无活性代谢物，突然停药极易引起严重的撤药反应（电击感、头晕）。被Stahl称为“路不平（Potholes）”。"
        },
        {
          "title": "妊娠风险",
          "type": "danger",
          "content": "FDA妊娠分级为D类（其他SSRI多为C类），由于潜在的心脏致畸风险，育龄期妇女需慎重。"
        }
      ],
      "pk_data": {
        "half_life": "21h",
        "protein_binding": "95%",
        "metabolism": "CYP2D6 (强抑制剂)",
        "peak_time": "5h"
      },
      "market_info": {
        "price": "$",
        "insurance": "甲类医保",
        "pregnancy": "D类"
      }
    },
    {
      "id": "fluvoxamine",
      "name_cn": "氟伏沙明",
      "name_en": "Fluvoxamine",
      "category": "SSRI",
      "tags": ["Sigma1激动", "强迫症", "相互作用多"],
      "stahl_radar": {
        "labels": ["SERT", "Sigma1", "M1", "H1", "Alpha1"],
        "values": [9.5, 9.8, 1.0, 1.0, 1.0],
        "link_ids": ["sert", "sigma1", "m1", "h1", "alpha1"]
      },
      "pearls": [
        {
          "title": "强迫症首选",
          "type": "success",
          "content": "最早获批用于强迫症的SSRI之一，对强迫思维和行为有较好的疗效。"
        },
        {
          "title": "Sigma-1受体激动剂",
          "type": "info",
          "content": "在SSRI中对Sigma-1受体亲和力最高，可能具有额外的改善认知和抗精神病协同作用。"
        },
        {
          "title": "药物相互作用之王",
          "type": "danger",
          "content": "强效抑制CYP1A2和CYP2C19。严禁与替扎尼定、雷美替胺合用。会显著升高咖啡因和茶碱的浓度，建议服药期间减少饮茶喝咖啡。"
        }
      ],
      "pk_data": {
        "half_life": "15h",
        "protein_binding": "80%",
        "metabolism": "CYP1A2 (强抑制), 2D6",
        "peak_time": "3-8h"
      },
      "market_info": {
        "price": "$",
        "insurance": "甲类医保",
        "pregnancy": "C类"
      }
    },
    {
      "id": "venlafaxine",
      "name_cn": "文拉法辛",
      "name_en": "Venlafaxine",
      "category": "SNRI",
      "tags": ["双重机制", "剂量依赖", "血压"],
      "stahl_radar": {
        "labels": ["SERT", "NET", "DAT", "M1", "H1"],
        "values": [9.5, 6.5, 0.5, 0.2, 0.5],
        "link_ids": ["sert", "net", "dat", "m1", "h1"]
      },
      "pearls": [
        {
          "title": "阶梯效应",
          "type": "info",
          "content": "小剂量(<150mg)作用像SSRI；中大剂量(>150mg)才具有NE重摄取抑制作用(SNRI)。"
        },
        {
          "title": "升压风险",
          "type": "warning",
          "content": "NE能增强可能导致剂量相关的血压升高（尤其是舒张压）。高血压患者需监测。"
        },
        {
          "title": "“闪电”撤药",
          "type": "danger",
          "content": "半衰期极短，漏服一次即可出现明显的“脑电击感”、头晕。依从性差的患者慎用。"
        }
      ],
      "pk_data": {
        "half_life": "5h (ODV 11h)",
        "protein_binding": "27%",
        "metabolism": "CYP2D6",
        "peak_time": "2h (IR)"
      },
      "market_info": {
        "price": "$$",
        "insurance": "乙类医保",
        "pregnancy": "C类"
      }
    },
    {
      "id": "duloxetine",
      "name_cn": "度洛西汀",
      "name_en": "Duloxetine",
      "category": "SNRI",
      "tags": ["抗抑郁", "镇痛", "肝脏警告"],
      "stahl_radar": {
        "labels": ["SERT", "NET", "DAT", "M1", "H1"],
        "values": [9.5, 8.5, 1.0, 1.0, 1.0],
        "link_ids": ["sert", "net", "dat", "m1", "h1"]
      },
      "pearls": [
        {
          "title": "身心同治",
          "type": "success",
          "content": "具有显著的镇痛作用，特别适合抑郁伴发躯体疼痛（如背痛、纤维肌痛）的患者。"
        },
        {
          "title": "起始效应比文拉法辛强",
          "type": "info",
          "content": "与文拉法辛不同，度洛西汀在低剂量时即表现出NE再摄取抑制作用，无需滴定到高剂量。"
        },
        {
          "title": "肝脏风险",
          "type": "danger",
          "content": "有肝毒性报告，乙肝患者或慢性肝病患者应避免使用。禁用于未控制的闭角型青光眼。"
        }
      ],
      "pk_data": {
        "half_life": "12h",
        "protein_binding": "90%+",
        "metabolism": "CYP1A2, CYP2D6",
        "peak_time": "6h"
      },
      "market_info": {
        "price": "$$",
        "insurance": "乙类医保",
        "pregnancy": "C类"
      }
    },
    {
      "id": "bupropion",
      "name_cn": "安非他酮",
      "name_en": "Bupropion",
      "category": "NDRI",
      "tags": ["激活", "戒烟", "无性功能副作用"],
      "stahl_radar": {
        "labels": ["DAT", "NET", "nAChR", "H1", "SERT"],
        "values": [6.0, 6.0, 8.0, 1.0, 0.0],
        "link_ids": ["dat", "net", "nachr", "h1", "sert"]
      },
      "pearls": [
        {
          "title": "性功能保护伞",
          "type": "success",
          "content": "几乎不引起性功能障碍，常用于SSRI引起性冷淡时的换药或联用策略（Well-loft 组合）。"
        },
        {
          "title": "快乐与动力",
          "type": "info",
          "content": "通过增加多巴胺和去甲肾上腺素，改善快感缺失和动力不足。同时具有戒烟辅助作用。"
        },
        {
          "title": "癫痫禁忌",
          "type": "danger",
          "content": "降低癫痫阈值，剂量大于450mg/d时风险显著。禁用于癫痫患者及进食障碍（贪食/厌食）患者。"
        }
      ],
      "pk_data": {
        "half_life": "21h (缓释)",
        "protein_binding": "84%",
        "metabolism": "CYP2B6",
        "peak_time": "3h"
      },
      "market_info": {
        "price": "$$",
        "insurance": "乙类医保",
        "pregnancy": "C类"
      }
    },
    {
      "id": "mirtazapine",
      "name_cn": "米氮平",
      "name_en": "Mirtazapine",
      "category": "NaSSA",
      "tags": ["增食欲", "助眠", "性功能保护"],
      "stahl_radar": {
        "labels": ["Alpha2", "5HT2A", "5HT2C", "5HT3", "H1"],
        "values": [9.0, 8.5, 8.0, 9.5, 9.8],
        "link_ids": ["alpha2", "5ht2a", "5ht2c", "5ht3", "h1"]
      },
      "pearls": [
        {
          "title": "加利福尼亚火箭燃料",
          "type": "success",
          "content": "Stahl经典搭配：米氮平 + 文拉法辛。利用Alpha2阻断（米氮平）和双重再摄取抑制（文拉法辛）产生强大的协同抗抑郁作用。"
        },
        {
          "title": "胃肠卫士",
          "type": "success",
          "content": "阻断5HT3受体，具有显著的止吐作用。适合伴有恶心、食欲不振的抑郁患者。"
        },
        {
          "title": "镇静悖论",
          "type": "info",
          "content": "小剂量（15mg）时抗组胺作用占主导，镇静强；大剂量（30-45mg）时NE能传递增强，拮抗部分镇静作用。失眠患者有时减量反而更有效。"
        }
      ],
      "pk_data": {
        "half_life": "20-40h",
        "protein_binding": "85%",
        "metabolism": "CYP2D6, 1A2, 3A4",
        "peak_time": "2h"
      },
      "market_info": {
        "price": "$",
        "insurance": "甲类医保",
        "pregnancy": "C类"
      }
    },
    {
      "id": "vortioxetine",
      "name_cn": "伏硫西汀",
      "name_en": "Vortioxetine",
      "category": "SMS",
      "tags": ["多模式", "改善认知", "副作用少"],
      "stahl_radar": {
        "labels": ["SERT", "5HT3", "5HT1A", "5HT7", "DAT"],
        "values": [9.5, 9.0, 8.0, 8.5, 1.0],
        "link_ids": ["sert", "5ht3", "5ht1a", "5ht7", "dat"]
      },
      "pearls": [
        {
          "title": "认知改善",
          "type": "success",
          "content": "唯一说明书中提及改善抑郁症认知功能（注意力、执行功能）的药物。可能与其5-HT7阻断作用有关。"
        },
        {
          "title": "多模式机制",
          "type": "info",
          "content": "不仅抑制5-HT转运体，还是5-HT1A激动剂，5-HT3、5-HT7拮抗剂。这种复杂的受体调节旨在减少副作用并增强疗效。"
        },
        {
          "title": "恶心反应",
          "type": "warning",
          "content": "最常见的不良反应是恶心（发生率较高），但通常是短暂的。建议随餐服用。"
        }
      ],
      "pk_data": {
        "half_life": "66h",
        "protein_binding": "98%",
        "metabolism": "CYP2D6",
        "peak_time": "7-11h"
      },
      "market_info": {
        "price": "$$$",
        "insurance": "乙类医保",
        "pregnancy": "C类"
      }
    },
    {
      "id": "agomelatine",
      "name_cn": "阿戈美拉汀",
      "name_en": "Agomelatine",
      "category": "Antidepressant",
      "tags": ["褪黑素激动", "调节节律", "肝功能监测"],
      "stahl_radar": {
        "labels": ["MT1", "MT2", "5HT2C", "SERT", "H1"],
        "values": [9.5, 9.5, 8.0, 0.0, 0.0],
        "link_ids": ["mt1", "mt2", "5ht2c", "sert", "h1"]
      },
      "pearls": [
        {
          "title": "非单胺类机制",
          "type": "info",
          "content": "独特的MT1/MT2受体激动剂和5-HT2C拮抗剂。通过恢复昼夜节律来发挥抗抑郁作用，不直接增加突触间隙的5-HT浓度。"
        },
        {
          "title": "肝脏监测红线",
          "type": "danger",
          "content": "有潜在肝毒性。必须在治疗前、治疗第3周、第6周、第12周和第24周检测肝功能（转氨酶）。乙肝携带者禁用。"
        },
        {
          "title": "无撤药反应",
          "type": "success",
          "content": "停药时无需递减剂量，不会产生撤药反应。且对性功能和体重几乎无影响。"
        }
      ],
      "pk_data": {
        "half_life": "1-2h (极短)",
        "protein_binding": "95%",
        "metabolism": "CYP1A2",
        "peak_time": "0.75h"
      },
      "market_info": {
        "price": "$$$",
        "insurance": "乙类医保",
        "pregnancy": "C类"
      }
    },
    {
      "id": "lithium",
      "name_cn": "碳酸锂",
      "name_en": "Lithium Carbonate",
      "category": "Mood Stabilizer",
      "tags": ["自杀预防", "治疗窗窄", "甲状腺"],
      "stahl_radar": {
        "labels": ["IMPase", "GSK-3", "Glu", "GABA", "DA"],
        "values": [8.0, 8.0, 5.0, 4.0, 3.0],
        "link_ids": ["impase", "gsk3", "glu", "gaba", "da"]
      },
      "pearls": [
        {
          "title": "双相基石",
          "type": "success",
          "content": "典型心境稳定剂，对双相躁狂和双相抑郁均有效，且是唯一被证实能降低双相障碍患者自杀风险的药物。"
        },
        {
          "title": "治疗窗极窄",
          "type": "danger",
          "content": "有效血锂浓度（0.6-1.2 mmol/L）与中毒浓度（>1.5 mmol/L）非常接近。出现手抖、腹泻、呕吐可能是早期中毒迹象。"
        },
        {
          "title": "器官保护",
          "type": "warning",
          "content": "长期使用需定期监测甲状腺功能（可能引起甲减）和肾功能（长期可能引起间质性肾炎）。"
        }
      ],
      "pk_data": {
        "half_life": "18-24h",
        "protein_binding": "0% (不结合)",
        "metabolism": "原形肾脏排泄",
        "peak_time": "1-2h"
      },
      "market_info": {
        "price": "$ (极低廉)",
        "insurance": "甲类医保",
        "pregnancy": "D类 (Ebstein畸形)"
      }
    },
    {
      "id": "valproate",
      "name_cn": "丙戊酸钠",
      "name_en": "Sodium Valproate",
      "category": "Mood Stabilizer",
      "tags": ["广谱", "致畸", "GABA增强"],
      "stahl_radar": {
        "labels": ["GABA-T", "Na+Channel", "T-Type Ca", "Glu", "H1"],
        "values": [8.5, 8.0, 6.0, 5.0, 1.0],
        "link_ids": ["gabat", "nachannel", "ttypeca", "glu", "h1"]
      },
      "pearls": [
        {
          "title": "快速起效",
          "type": "success",
          "content": "对于急性躁狂发作，口服负荷剂量策略（20-30mg/kg）可迅速达到有效血药浓度。特别适合混合发作或快速循环型。"
        },
        {
          "title": "女性杀手",
          "type": "danger",
          "content": "致畸风险极高（神经管缺陷、智力下降），育龄期妇女尽量避免使用。此外可能导致多囊卵巢综合征（PCOS）、脱发和体重增加。"
        },
        {
          "title": "肝酶抑制",
          "type": "warning",
          "content": "是弱CYP酶抑制剂，但能显著抑制拉莫三嗪的葡萄糖醛酸化代谢，导致拉莫三嗪浓度升高一倍，合用时必须减半拉莫三嗪剂量。"
        }
      ],
      "pk_data": {
        "half_life": "9-16h",
        "protein_binding": "90% (浓度依赖)",
        "metabolism": "UGT, Beta-氧化",
        "peak_time": "2h (缓释4h)"
      },
      "market_info": {
        "price": "$",
        "insurance": "甲类医保",
        "pregnancy": "D/X类 (高危)"
      }
    },
    {
      "id": "lamotrigine",
      "name_cn": "拉莫三嗪",
      "name_en": "Lamotrigine",
      "category": "Mood Stabilizer",
      "tags": ["双相抑郁", "慢滴定", "认知保护"],
      "stahl_radar": {
        "labels": ["Na+Channel", "Glu", "Ca+Channel", "5HT", "DA"],
        "values": [9.0, 8.0, 5.0, 1.0, 1.0],
        "link_ids": ["nachannel", "glu", "cachannel", "5ht", "da"]
      },
      "pearls": [
        {
          "title": "从下往上治",
          "type": "success",
          "content": "主要用于预防双相抑郁复发（“自下而上”的稳定剂）。对急性躁狂疗效微弱。认知副作用极小。"
        },
        {
          "title": "皮疹生死线",
          "type": "danger",
          "content": "可能引起Stevens-Johnson综合征（SJS）。必须严格遵循缓慢加量原则（起始25mg/d，每两周翻倍）。一旦出现皮疹立即停药。"
        },
        {
          "title": "药物配对",
          "type": "warning",
          "content": "与丙戊酸合用时，拉莫三嗪半衰期延长至60h（需减量）；与卡马西平合用时，半衰期缩短至15h（需加量）。"
        }
      ],
      "pk_data": {
        "half_life": "25h (单用)",
        "protein_binding": "55%",
        "metabolism": "葡萄糖醛酸化",
        "peak_time": "2h"
      },
      "market_info": {
        "price": "$$",
        "insurance": "甲类医保",
        "pregnancy": "C类"
      }
    },
    {
    "id": "alprazolam",
    "name_cn": "阿普唑仑",
    "name_en": "Alprazolam",
    "category": "Benzodiazepine",
    "tags": ["惊恐发作", "短效", "高成瘾性"],
    "stahl_radar": {
      "labels": ["GABA-A", "Alpha1", "Alpha2", "Alpha3", "Alpha5"],
      "values": [9.5, 9.0, 9.0, 9.0, 9.0],
      "link_ids": ["gabaa", "alpha1", "alpha2", "alpha3", "alpha5"]
    },
    "pearls": [
      {
        "title": "惊恐阻断剂",
        "type": "success",
        "content": "起效极快（口服20分钟），是惊恐发作（Panic Attack）急性期的首选“灭火器”。"
      },
      {
        "title": "“钟摆”效应",
        "type": "danger",
        "content": "由于半衰期短（12-15h），药效过后焦虑症状可能出现“反跳”（Rebound），导致患者产生强烈的心理依赖和频繁服药需求。"
      },
      {
        "title": "抑郁伴焦虑",
        "type": "info",
        "content": "说明书提示对伴有精神抑郁的病人应慎用，因可能加重抑郁或导致自杀倾向（去抑制效应）。"
      }
    ],
    "pk_data": {
      "half_life": "12-15h",
      "protein_binding": "80%",
      "metabolism": "CYP3A4",
      "peak_time": "1-2h"
    },
    "market_info": {
      "price": "$",
      "insurance": "甲类医保",
      "pregnancy": "D类"
    }
  },
  {
    "id": "clonazepam",
    "name_cn": "氯硝西泮",
    "name_en": "Clonazepam",
    "category": "Benzodiazepine",
    "tags": ["长效", "强效", "躁狂辅助"],
    "stahl_radar": {
      "labels": ["GABA-A", "Na+Channel", "T-Type Ca", "5HT", "DA"],
      "values": [9.8, 3.0, 2.0, 0.0, 0.0],
      "link_ids": ["gabaa", "nachannel", "ttypeca", "5ht", "da"]
    },
    "pearls": [
      {
        "title": "药理效价之王",
        "type": "success",
        "content": "效价极高，2mg氯硝西泮约等于40mg地西泮。常作为双相躁狂急性期的辅助用药，快速控制激越。"
      },
      {
        "title": "RBD克星",
        "type": "info",
        "content": "治疗快动眼睡眠行为障碍（RBD，如睡梦中拳打脚踢）的首选药物，能有效减少梦境扮演行为。"
      },
      {
        "title": "撤药困难",
        "type": "warning",
        "content": "虽然半衰期长，撤药反应较短效BZD发生得晚，但长期大剂量使用后的依赖性极难戒除，需数月缓慢减量。"
      }
    ],
    "pk_data": {
      "half_life": "30-40h",
      "protein_binding": "85%",
      "metabolism": "CYP3A4, 硝基还原",
      "peak_time": "1-4h"
    },
    "market_info": {
      "price": "$",
      "insurance": "甲类医保",
      "pregnancy": "D类"
    }
  },
  {
    "id": "zolpidem",
    "name_cn": "唑吡坦",
    "name_en": "Zolpidem",
    "category": "Z-Drug",
    "tags": ["入睡困难", "短效", "梦游风险"],
    "stahl_radar": {
      "labels": ["GABA-A(α1)", "GABA-A(α2)", "GABA-A(α3)", "H1", "M1"],
      "values": [9.5, 1.0, 1.0, 0.0, 0.0],
      "link_ids": ["gabaa_a1", "gabaa_a2", "gabaa_a3", "h1", "m1"]
    },
    "pearls": [
      {
        "title": "选择性开关",
        "type": "success",
        "content": "选择性结合GABA-A受体的α1亚单位（与镇静相关），几乎不结合α2/3（与抗焦虑、肌肉松弛相关）。因此仅用于助眠，无抗焦虑作用。"
      },
      {
        "title": "复杂睡眠行为",
        "type": "danger",
        "content": "FDA黑框警告：可能引起梦游、睡驾、睡食等复杂睡眠行为。一旦发生，必须立即停药。"
      },
      {
        "title": "女性减半",
        "type": "warning",
        "content": "FDA建议女性起始剂量减半（5mg），因为女性清除药物的速度比男性慢，次日残留困倦风险更高。"
      }
    ],
    "pk_data": {
      "half_life": "2.5h",
      "protein_binding": "92%",
      "metabolism": "CYP3A4",
      "peak_time": "1.6h"
    },
    "market_info": {
      "price": "$$",
      "insurance": "甲类医保",
      "pregnancy": "C类"
    }
  },
  {
    "id": "eszopiclone",
    "name_cn": "右佐匹克隆",
    "name_en": "Eszopiclone",
    "category": "Z-Drug",
    "tags": ["早醒", "金属味", "长期使用"],
    "stahl_radar": {
      "labels": ["GABA-A(α1)", "GABA-A(α2)", "GABA-A(α3)", "H1", "M1"],
      "values": [9.0, 4.0, 4.0, 0.0, 0.0],
      "link_ids": ["gabaa_a1", "gabaa_a2", "gabaa_a3", "h1", "m1"]
    },
    "pearls": [
      {
        "title": "全夜守护",
        "type": "success",
        "content": "半衰期（6h）比唑吡坦长，不仅能诱导如睡，还能维持睡眠，减少夜间觉醒和早醒。是唯一获批可长期（6个月）使用的Z药。"
      },
      {
        "title": "味觉异常",
        "type": "warning",
        "content": "约20-30%的患者会出现口腔苦味或金属味（Dysgeusia），这是导致停药的常见原因。晨起漱口可缓解。"
      },
      {
        "title": "老年剂量",
        "type": "info",
        "content": "老年人主要经CYP3A4代谢减慢，起始剂量应限制在1mg-2mg，防止次日宿醉效应。"
      }
    ],
    "pk_data": {
      "half_life": "6h",
      "protein_binding": "52-59%",
      "metabolism": "CYP3A4, 2E1",
      "peak_time": "1h"
    },
    "market_info": {
      "price": "$$",
      "insurance": "乙类医保",
      "pregnancy": "C类"
    }
  },
  {
    "id": "methylphenidate",
    "name_cn": "哌甲酯",
    "name_en": "Methylphenidate",
    "category": "ADHD Stimulant",
    "tags": ["多巴胺阻断", "专注力", "生长监测"],
    "stahl_radar": {
      "labels": ["DAT", "NET", "SERT", "D2", "Alpha2"],
      "values": [8.5, 7.5, 0.5, 1.0, 0.0],
      "link_ids": ["dat", "net", "sert", "d2", "alpha2"]
    },
    "pearls": [
      {
        "title": "前额叶唤醒",
        "type": "success",
        "content": "通过阻断DAT和NET，增加前额叶皮层的多巴胺和去甲肾上腺素浓度，显著改善注意力和冲动控制。"
      },
      {
        "title": "控释技术关键",
        "type": "info",
        "content": "普通片（利他林）半衰期极短，需一日多次；控释片（专注达）采用OROS技术，模拟一日三次的释放曲线，避免浓度波动的“回弹效应”。"
      },
      {
        "title": "生长发育",
        "type": "warning",
        "content": "长期使用可能轻微抑制儿童身高和体重增长。建议在周末或假期“药物假期”（Drug Holiday）以追赶生长。"
      }
    ],
    "pk_data": {
      "half_life": "3.5h (普通片)",
      "protein_binding": "15%",
      "metabolism": "去酯化 (非CYP)",
      "peak_time": "6-10h (控释)"
    },
    "market_info": {
      "price": "$$$",
      "insurance": "乙类医保",
      "pregnancy": "C类"
    }
  },
  {
    "id": "atomoxetine",
    "name_cn": "托莫西汀",
    "name_en": "Atomoxetine",
    "category": "ADHD Non-Stimulant",
    "tags": ["非兴奋剂", "全天有效", "自杀警示"],
    "stahl_radar": {
      "labels": ["NET", "DAT(PFC)", "SERT", "M1", "H1"],
      "values": [9.0, 6.0, 1.0, 1.0, 0.5],
      "link_ids": ["net", "dat_pfc", "sert", "m1", "h1"]
    },
    "pearls": [
      {
        "title": "前额叶特异性",
        "type": "info",
        "content": "作为NRI，它在前额叶（缺乏DAT）通过阻断NET来增加多巴胺，但在纹状体（富含DAT）不增加多巴胺。因此不引起成瘾或抽动。"
      },
      {
        "title": "起效缓冲期",
        "type": "warning",
        "content": "与兴奋剂的“即刻起效”不同，托莫西汀需要2-4周甚至更久才能发挥最大疗效。需告知家长耐心等待。"
      },
      {
        "title": "黑框警告",
        "type": "danger",
        "content": "说明书提示可能增加儿童和青少年的自杀意念（发生率约0.4%），尤其在治疗初期。极少数病例可能出现严重肝损伤。"
      }
    ],
    "pk_data": {
      "half_life": "5h (慢代谢者24h)",
      "protein_binding": "98%",
      "metabolism": "CYP2D6",
      "peak_time": "1-2h"
    },
    "market_info": {
      "price": "$$",
      "insurance": "乙类医保",
      "pregnancy": "C类"
    }
  },
  {
    "id": "buspirone",
    "name_cn": "丁螺环酮",
    "name_en": "Buspirone",
    "category": "Anxiolytic",
    "tags": ["5-HT1A激动", "不镇静", "起效慢"],
    "stahl_radar": {
      "labels": ["5HT1A", "D2", "5HT2A", "Alpha1", "H1"],
      "values": [8.5, 4.0, 1.0, 0.5, 0.0],
      "link_ids": ["5ht1a", "d2", "5ht2a", "alpha1", "h1"]
    },
    "pearls": [
      {
        "title": "不一样的抗焦虑药",
        "type": "success",
        "content": "与苯二氮卓类不同，它无镇静、无肌肉松弛、无依赖性、无戒断反应。适合需保持清醒的患者（如驾驶员）。"
      },
      {
        "title": "SSRIs的最佳拍档",
        "type": "info",
        "content": "作为5-HT1A部分激动剂，常用于增强SSRI的抗抑郁效果，并可缓解SSRI引起的性功能障碍（如布什匹隆效应）。"
      },
      {
        "title": "耐心是关键",
        "type": "warning",
        "content": "起效缓慢（2-4周），对急性焦虑或惊恐发作无效。不应作为“按需服用”的药物。"
      }
    ],
    "pk_data": {
      "half_life": "2-3h",
      "protein_binding": "95%",
      "metabolism": "CYP3A4 (首过效应强)",
      "peak_time": "0.7-1.5h"
    },
    "market_info": {
      "price": "$",
      "insurance": "甲类医保",
      "pregnancy": "B类"
    }
  },
  {
    "id": "pregabalin",
    "name_cn": "普瑞巴林",
    "name_en": "Pregabalin",
    "category": "Anxiolytic/Analgesic",
    "tags": ["GAD", "神经痛", "肾排泄"],
    "stahl_radar": {
      "labels": ["Ca+Channel(α2δ)", "GABA", "Glu", "NE", "Sub-P"],
      "values": [9.5, 0.0, 6.0, 5.0, 5.0],
      "link_ids": ["cachannel", "gaba", "glu", "ne", "subp"]
    },
    "pearls": [
      {
        "title": "非GABA的GABA类似物",
        "type": "info",
        "content": "结构类似GABA，但主要通过结合电压门控钙通道的α2δ亚基，减少谷氨酸和去甲肾上腺素的释放。对广泛性焦虑障碍（GAD）疗效确切。"
      },
      {
        "title": "肾脏直通车",
        "type": "success",
        "content": "在体内几乎不代谢，98%以原形经肾排出。无肝药物相互作用，是肝病患者治疗焦虑或疼痛的理想选择。"
      },
      {
        "title": "欣快感与滥用",
        "type": "danger",
        "content": "部分患者高剂量服用会产生欣快感，具有一定的滥用潜力。突然停药可能出现失眠、恶心等戒断症状。"
      }
    ],
    "pk_data": {
      "half_life": "6h",
      "protein_binding": "0%",
      "metabolism": "肾脏排泄",
      "peak_time": "1h"
    },
    "market_info": {
      "price": "$$",
      "insurance": "乙类医保",
      "pregnancy": "C类"
    }
  },
  {
    "id": "oxcarbazepine",
    "name_cn": "奥卡西平",
    "name_en": "Oxcarbazepine",
    "category": "Mood Stabilizer",
    "tags": ["钠通道阻滞", "低钠血症", "耐受性好"],
    "stahl_radar": {
      "labels": ["Na+Channel", "Ca+Channel", "Glu", "GABA", "CYP-Induction"],
      "values": [9.0, 6.0, 5.0, 2.0, 3.0],
      "link_ids": ["nachannel", "cachannel", "glu", "gaba", "cyp"]
    },
    "pearls": [
      {
        "title": "卡马西平的进化版",
        "type": "success",
        "content": "作为卡马西平的酮类衍生物，无需自身诱导代谢，酶诱导作用大幅减弱，药物相互作用显著减少。"
      },
      {
        "title": "低钠警报",
        "type": "danger",
        "content": "引起低钠血症的风险比卡马西平更高（尤其是老年人）。出现头晕、嗜睡、恶心时应立即查电解质。"
      },
      {
        "title": "皮疹交叉",
        "type": "warning",
        "content": "虽然皮疹发生率低于卡马西平，但两者有25-30%的交叉过敏反应。对卡马西平过敏者慎用。"
      }
    ],
    "pk_data": {
      "half_life": "2h (MHD代谢物9h)",
      "protein_binding": "40%",
      "metabolism": "胞质酶还原 (非CYP)",
      "peak_time": "4.5h"
    },
    "market_info": {
      "price": "$$",
      "insurance": "乙类医保",
      "pregnancy": "C类"
    }
  },
  {
    "id": "haloperidol",
    "name_cn": "氟哌啶醇",
    "name_en": "Haloperidol",
    "category": "FGA",
    "tags": ["高价D2", "谵妄", "EPS"],
    "stahl_radar": {
      "labels": ["D2", "Alpha1", "5HT2A", "M1", "H1"],
      "values": [9.8, 4.0, 1.0, 0.5, 0.5],
      "link_ids": ["d2", "alpha1", "5ht2a", "m1", "h1"]
    },
    "pearls": [
      {
        "title": "D2阻断的金标准",
        "type": "info",
        "content": "典型的FGA，主要通过强效阻断D2受体发挥抗精神病作用。常用于需要快速镇静（肌肉注射）的急性激越或谵妄患者。"
      },
      {
        "title": "锥体外系风暴",
        "type": "danger",
        "content": "EPS（肌张力障碍、静坐不能、帕金森样症状）发生率极高。长期使用迟发性运动障碍（TD）风险大。"
      },
      {
        "title": "静脉给药警告",
        "type": "warning",
        "content": "静脉注射时引起QTc间期延长和尖端扭转型室速的风险较高，需心电监护。口服相对安全。"
      }
    ],
    "pk_data": {
      "half_life": "20h",
      "protein_binding": "92%",
      "metabolism": "CYP3A4, 2D6",
      "peak_time": "3-6h"
    },
    "market_info": {
      "price": "$",
      "insurance": "甲类医保",
      "pregnancy": "C类"
    }
  }
  ]
}