{
  "_comment": "==================== Psych-Pedia 受体与假说百科 (专业完整版) ====================",
  "_instructions": "本文件定义了药物雷达图(stahl_radar)中各维度的详细生物学含义及精神科核心假说。",
  "_template": {
    "id": "unique_id",
    "type": "receptor / transporter / ion_channel / hypothesis",
    "title": "中文标准名称",
    "subtitle": "英文名称",
    "content": "详细描述：包括解剖位置、生理功能、激动/阻断后的临床效应。",
    "visual_guide": "图片路径"
  },
  "receptors": [
    {
      "id": "d2",
      "type": "receptor",
      "title": "D2 多巴胺受体",
      "subtitle": "Dopamine D2 Receptor",
      "content": "抗精神病药的核心靶点。1. 中脑边缘通路：过度激活导致幻觉妄想，阻断可治疗阳性症状。2. 中脑皮层通路：阻断可能加重阴性症状和认知损害。3. 黑质纹状体通路：阻断导致锥体外系反应(EPS)。4. 结节漏斗通路：阻断导致催乳素升高(泌乳、闭经)。",
      "visual_guide": "/images/receptors/d2.svg"
    },
    {
      "id": "d3",
      "type": "receptor",
      "title": "D3 多巴胺受体",
      "subtitle": "Dopamine D3 Receptor",
      "content": "主要分布于边缘系统（伏隔核），与奖赏、动机和认知功能密切相关。D3受体的优先阻断（如卡利拉嗪、氨磺必利）被认为能改善精神分裂症的阴性症状和认知缺陷，且EPS风险较低。",
      "visual_guide": "/images/receptors/d3.svg"
    },
    {
      "id": "5ht1a",
      "type": "receptor",
      "title": "5-HT1A 受体",
      "subtitle": "Serotonin 1A Receptor",
      "content": "“突触前膜的刹车”。作为自受体，激动它可减少5-HT释放（但在长期抗抑郁治疗中会脱敏）。作为突触后膜受体，部分激动剂（如丁螺环酮、阿立哌唑）可促进前额叶多巴胺释放，具有抗焦虑、抗抑郁增效及改善认知的作用。",
      "visual_guide": "/images/receptors/5ht1a.svg"
    },
    {
      "id": "5ht2a",
      "type": "receptor",
      "title": "5-HT2A 受体",
      "subtitle": "Serotonin 2A Receptor",
      "content": "SGA（非典型抗精神病药）的特征性靶点。它是皮层谷氨酸神经元的“油门”。阻断5-HT2A可减少谷氨酸释放，进而间接促进纹状体多巴胺释放，从而减少EPS风险，并改善慢波睡眠。",
      "visual_guide": "/images/receptors/5ht2a.svg"
    },
    {
      "id": "5ht2c",
      "type": "receptor",
      "title": "5-HT2C 受体",
      "subtitle": "Serotonin 2C Receptor",
      "content": "代谢与体重的调节阀。阻断该受体（如奥氮平）会解除对下丘脑食欲中枢的抑制，导致暴饮暴食和代谢综合征。相反，激动该受体（如氯卡色林）可抑制食欲。",
      "visual_guide": "/images/receptors/5ht2c.svg"
    },
    {
      "id": "5ht3",
      "type": "receptor",
      "title": "5-HT3 受体",
      "subtitle": "Serotonin 3 Receptor",
      "content": "唯一属于离子通道型的5-HT受体，主要分布于呕吐中枢和胃肠道。阻断该受体（如米氮平、伏硫西汀）具有显著的止吐作用，并可能通过调节中间神经元改善认知。",
      "visual_guide": "/images/receptors/5ht3.svg"
    },
    {
      "id": "5ht7",
      "type": "receptor",
      "title": "5-HT7 受体",
      "subtitle": "Serotonin 7 Receptor",
      "content": "新兴的认知与昼夜节律靶点。阻断5-HT7受体（如鲁拉西酮、伏硫西汀）可调节昼夜节律，改善睡眠，并增强海马长时程增强效应（LTP），从而改善记忆和认知。",
      "visual_guide": "/images/receptors/5ht7.svg"
    },
    {
      "id": "alpha1",
      "type": "receptor",
      "title": "α1 肾上腺素受体",
      "subtitle": "Alpha-1 Adrenergic Receptor",
      "content": "主要位于血管平滑肌。阻断该受体（如喹硫平、氯丙嗪）会导致外周血管扩张，引起体位性低血压、反射性心动过速和头晕。这是药物滴定初期需防跌倒的主要原因。",
      "visual_guide": "/images/receptors/alpha1.svg"
    },
    {
      "id": "alpha2",
      "type": "receptor",
      "title": "α2 肾上腺素受体",
      "subtitle": "Alpha-2 Adrenergic Receptor",
      "content": "“去甲肾上腺素的刹车”。作为突触前膜自受体，阻断它（如米氮平）相当于“剪断刹车线”，会导致去甲肾上腺素和5-HT（通过异受体）的大量释放，产生强效抗抑郁作用。",
      "visual_guide": "/images/receptors/alpha2.svg"
    },
    {
      "id": "h1",
      "type": "receptor",
      "title": "H1 组胺受体",
      "subtitle": "Histamine H1 Receptor",
      "content": "觉醒与能量代谢的关键。阻断H1受体产生镇静、嗜睡（有助于急性期控制激越），但也显著增加食欲（嗜碳水化合物）和体重。长期阻断可能导致胰岛素抵抗。",
      "visual_guide": "/images/receptors/h1.svg"
    },
    {
      "id": "m1",
      "type": "receptor",
      "title": "M1 毒蕈碱受体",
      "subtitle": "Muscarinic M1 Receptor",
      "content": "胆碱能副作用的源头。阻断导致口干、便秘、视物模糊、尿潴留、窦性心动过速及认知受损（尤其是老年人）。但M1阻断也能在一定程度上缓解D2阻断引起的EPS（这也是为什么氯氮平EPS少的原因之一）。",
      "visual_guide": "/images/receptors/m1.svg"
    },
    {
      "id": "gabaa",
      "type": "receptor",
      "title": "GABA-A 受体",
      "subtitle": "GABA-A Receptor Complex",
      "content": "大脑主要的抑制性受体，是氯离子通道。苯二氮卓类药物结合于此，增加氯离子内流，引起神经元超极化。α1亚基与镇静相关，α2/3亚基与抗焦虑相关。",
      "visual_guide": "/images/receptors/gabaa.svg"
    },
    {
      "id": "nmda",
      "type": "receptor",
      "title": "NMDA 受体",
      "subtitle": "NMDA Glutamate Receptor",
      "content": "谷氨酸门控的钙离子通道，与突触可塑性、记忆形成及精神分裂症病理有关。功能减退导致多巴胺系统失调。氯胺酮通过阻断该受体（特别是抑制性中间神经元上的）产生快速抗抑郁作用。",
      "visual_guide": "/images/receptors/nmda.svg"
    },
    {
      "id": "sigma1",
      "type": "receptor",
      "title": "Sigma-1 受体",
      "subtitle": "Sigma-1 Receptor",
      "content": "一种位于内质网的伴侣蛋白。激动Sigma-1（如氟伏沙明）可对抗内质网应激，促进神经营养因子表达，具有神经保护、抗焦虑和改善认知的潜在作用。",
      "visual_guide": "/images/receptors/sigma1.svg"
    },
    {
      "id": "mt1",
      "type": "receptor",
      "title": "MT1/MT2 褪黑素受体",
      "subtitle": "Melatonin Receptors",
      "content": "位于视交叉上核（SCN），调节昼夜节律。MT1主要调节睡眠的启动（如雷美替胺），MT2主要调节生物钟的相位（如阿戈美拉汀）。",
      "visual_guide": "/images/receptors/mt.svg"
    },
    {
      "id": "nachr",
      "type": "receptor",
      "title": "烟碱型乙酰胆碱受体",
      "subtitle": "Nicotinic ACh Receptor",
      "content": "离子通道型受体。α7和α4β2亚基与注意力和认知功能密切相关。许多精神分裂症患者严重吸烟可能是一种自我治疗行为，试图激活该受体以改善认知。",
      "visual_guide": "/images/receptors/nachr.svg"
    },
    {
      "id": "sert",
      "type": "transporter",
      "title": "5-HT 转运体",
      "subtitle": "Serotonin Transporter (SERT)",
      "content": "负责将突触间隙的5-HT回收至突触前膜。SSRI/SNRI通过抑制SERT，迅速增加突触间隙5-HT浓度，随后引起突触后受体下调和BDNF表达增加，产生抗抑郁效应。",
      "visual_guide": "/images/transporters/sert.svg"
    },
    {
      "id": "net",
      "type": "transporter",
      "title": "去甲肾上腺素转运体",
      "subtitle": "Norepinephrine Transporter (NET)",
      "content": "负责NE的回收。在前额叶皮层（PFC），由于缺乏多巴胺转运体，NET也负责回收多巴胺。因此，阻断PFC的NET（如托莫西汀）可以同时增加NE和DA，改善注意力。",
      "visual_guide": "/images/transporters/net.svg"
    },
    {
      "id": "dat",
      "type": "transporter",
      "title": "多巴胺转运体",
      "subtitle": "Dopamine Transporter (DAT)",
      "content": "负责纹状体和伏隔核的多巴胺回收。阻断DAT（如哌甲酯、安非他酮）可增强奖赏回路的活性，提升动力、愉悦感和注意力，但也可能导致滥用潜力。",
      "visual_guide": "/images/transporters/dat.svg"
    },
    {
      "id": "nachannel",
      "type": "ion_channel",
      "title": "电压门控钠通道",
      "subtitle": "Voltage-Gated Sodium Channel",
      "content": "负责神经冲动的传导。阻断该通道（如拉莫三嗪、卡马西平、丙戊酸）可抑制神经元的高频放电，防止“点燃效应”（Kindling），从而起到稳定心境和抗惊厥的作用。",
      "visual_guide": "/images/channels/na.svg"
    },
    {
      "id": "cachannel",
      "type": "ion_channel",
      "title": "电压门控钙通道(α2δ)",
      "subtitle": "Calcium Channel Alpha-2-Delta Ligand",
      "content": "普瑞巴林和加巴喷丁的靶点。通过结合α2δ亚基，减少过度兴奋神经元钙离子内流，从而抑制谷氨酸和去甲肾上腺素的释放，治疗焦虑和神经痛。",
      "visual_guide": "/images/channels/ca.svg"
    }
  ],
  "hypotheses": [
    {
      "id": "monoamine_hypothesis",
      "type": "hypothesis",
      "title": "单胺假说",
      "subtitle": "The Monoamine Hypothesis",
      "content": "精神药理学的奠基假说。认为抑郁症是由单胺类神经递质（5-HT、NE、DA）缺乏引起的。虽然该假说解释了抗抑郁药的作用机制，但无法解释为何药物即刻起效而临床疗效延迟，提示下游受体适应和神经可塑性更为重要。",
      "visual_guide": "/images/hypotheses/monoamine.svg"
    },
    {
      "id": "dopamine_hypothesis",
      "type": "hypothesis",
      "title": "多巴胺假说 (修正版)",
      "subtitle": "The Dopamine Hypothesis of Schizophrenia",
      "content": "经典理论认为中脑边缘通路DA亢进导致阳性症状。现代修正理论补充认为：前额叶（中脑皮层通路）DA功能低下导致了阴性症状和认知缺陷。这解释了为何纯D2阻断剂对阴性症状无效。",
      "visual_guide": "/images/hypotheses/dopamine.svg"
    },
    {
      "id": "glutamate_hypothesis",
      "type": "hypothesis",
      "title": "谷氨酸/NMDA 假说",
      "subtitle": "The NMDA Receptor Hypofunction Hypothesis",
      "content": "认为精神分裂症的原发病理可能是NMDA受体功能减退（尤其是在GABA中间神经元上），导致皮层“去抑制”和继发性的多巴胺功能紊乱。这解释了为何PCP和氯胺酮能诱发类似精神分裂症的所有症状。",
      "visual_guide": "/images/hypotheses/glutamate.svg"
    },
    {
      "id": "neurotrophic_hypothesis",
      "type": "hypothesis",
      "title": "神经营养/可塑性假说",
      "subtitle": "The Neurotrophic Hypothesis",
      "content": "认为压力和抑郁导致海马和前额叶的脑源性神经营养因子（BDNF）表达下降，引起神经元萎缩。抗抑郁药不仅调节递质，更通过增加BDNF，促进神经发生（Neurogenesis）和突触重塑，修复大脑网络。",
      "visual_guide": "/images/hypotheses/bdnf.svg"
    },
    {
      "id": "inflammation_hypothesis",
      "type": "hypothesis",
      "title": "神经炎症假说",
      "subtitle": "The Neuroinflammation Hypothesis",
      "content": "越来越多的证据表明，免疫系统异常激活、细胞因子（如IL-6, TNF-α）水平升高参与了抑郁症和精神分裂症的病理过程。压力可激活小胶质细胞，导致神经毒性。这为抗炎治疗在精神科的应用提供了理论基础。",
      "visual_guide": "/images/hypotheses/inflammation.svg"
    },
    {
      "id": "gaba_deficit_hypothesis",
      "type": "hypothesis",
      "title": "GABA 缺陷假说",
      "subtitle": "GABA Deficit Hypothesis",
      "content": "认为抑制性神经递质GABA的功能缺陷，导致神经回路过度兴奋，是焦虑障碍、失眠及双相障碍躁狂发作的重要机制。苯二氮卓类和某些心境稳定剂通过增强GABA传递恢复兴奋-抑制平衡。",
      "visual_guide": "/images/hypotheses/gaba.svg"
    }
  ]
}